CTC_GSE51827_Patient_1_SC.1_29,1
CTC_GSE51827_Patient_2_SC.1_29,1
CTC_GSE51827_Patient_3_SC.1_29,1
CTC_GSE51827_Patient_4_SC.1..6_29,1
CTC_GSE51827_Patient_5_SC.1_29,1
CTC_GSE51827_Patient_5_SC.2_29,1
CTC_GSE51827_Patient_6_SC.1_29,3
CTC_GSE51827_Patient_7_SC.2_29,2
CTC_GSE51827_Patient_8_SC.1_29,2
CTC_GSE51827_Patient_9_SC.1_29,2
CTC_GSE51827_Patient_7_SC.1_29,2
CTC_GSE51827_Patient_4_SC.1..19_29,4
CTC_GSE51827_Patient_10_SC.1_29,4
CTC_GSE51827_Patient_8_SC.2_29,1
CTC_GSE51827_Patient_8_SC.3_29,4
CTC_GSE55807_CTC_1_6,1
CTC_GSE55807_CTC_2_6,4
CTC_GSE55807_CTC_3_6,4
CTC_GSE55807_CTC_4_6,4
CTC_GSE55807_CTC_5_6,1
CTC_GSE55807_CTC_6_6,4
CTC_GSE75367_BRx_129.2..9.29_74,1
CTC_GSE75367_BRx_139.1_74,3
CTC_GSE75367_BRx_170.1_74,2
CTC_GSE75367_BRx_170.2_74,2
CTC_GSE75367_BRx_172.1..9.30_74,2
CTC_GSE75367_BRx_129_2_111814_74,3
CTC_GSE75367_BRx_136_1_123014_74,4
CTC_GSE75367_BRx_136_2_123014_74,4
CTC_GSE75367_BRx_146.1..4.16.15_74,1
CTC_GSE75367_BRx_16_1_102214_74,2
CTC_GSE75367_BRx_16_1_120314_74,3
CTC_GSE75367_BRx_16_2_102214_74,3
CTC_GSE75367_BRx_16_2_120314_74,2
CTC_GSE75367_BRx_16_3_120314_74,2
CTC_GSE75367_BRx_172_1_111114_74,2
CTC_GSE75367_BRx_172_1_120114_74,2
CTC_GSE75367_BRx_172.1..4.16.15_74,2
CTC_GSE75367_BRx_172_2_111114_74,2
CTC_GSE75367_BRx_172.5..11.11.14_74,2
CTC_GSE75367_BRx_183_1_031015_74,3
CTC_GSE75367_BRx_183_2_031015_74,4
CTC_GSE75367_BRx_183.3..3.10.15_74,1
CTC_GSE75367_BRx_183_4_031015_74,4
CTC_GSE75367_BRx_183_5_031015_74,1
CTC_GSE75367_BRx_183_6_031015_74,4
CTC_GSE75367_BRx_183.7..3.10.15_74,4
CTC_GSE75367_BRx_111.1..10.08.15_74,1
CTC_GSE75367_BRx_111.1..10.19.15_74,1
CTC_GSE75367_BRx_111.2..10.08.15_74,1
CTC_GSE75367_BRx_111.3..10.08.15_74,1
CTC_GSE75367_BRx_131.1..09.15.15_74,1
CTC_GSE75367_BRx_132.1..06.09.15_74,4
CTC_GSE75367_BRx_146.1..08.06.15_74,4
CTC_GSE75367_BRx_16.3..09.09.15_74,3
CTC_GSE75367_BRx_16.4..09.09.15_74,2
CTC_GSE75367_BRx_172.1..02.01.15_74,2
CTC_GSE75367_BRx_172.1..06.25.15_74,1
CTC_GSE75367_BRx_172.1.08.04.15_74,1
CTC_GSE75367_BRx_172.1..08.18.15_74,2
CTC_GSE75367_BRx_172.1..08.25.15_74,2
CTC_GSE75367_BRx_172.1..09.09.15_74,2
CTC_GSE75367_BRx_172.2..07.07.15_74,2
CTC_GSE75367_BRx_172.2..08.25.15_74,2
CTC_GSE75367_BRx_172.3..07.07.15_74,2
CTC_GSE75367_BRx_180.1..06.12.15_74,1
CTC_GSE75367_BRx_180.1..07.02.15_74,1
CTC_GSE75367_BRx_213.2..08.26.15_74,2
CTC_GSE75367_BRx_213.3..08.26.15_74,1
CTC_GSE75367_BRx_245.2..09.04.15_74,1
CTC_GSE75367_BRx_42.1..10.20_74,4
CTC_GSE75367_BRx_42.1..9.14_74,1
CTC_GSE75367_BRx_42.1..9.22_74,4
CTC_GSE75367_BRx_42.1..9.29_74,4
CTC_GSE75367_BRx_42.2..9.14_74,4
CTC_GSE75367_BRx_42.2..9.29_74,4
CTC_GSE75367_BRx_42.3..9.29_74,4
CTC_GSE75367_BRx_82.1..9.15_74,3
CTC_GSE75367_BRx_82.1..9.29_74,4
CTC_GSE75367_BRx_82.2..9.15_74,2
CTC_GSE75367_BRx_82.2..9.29_74,3
CTC_GSE75367_BRx_82.3..9.15_74,2
CTC_GSE75367_BRx_42_1_110314_74,1
CTC_GSE75367_BRx_42_2_110314_74,2
CTC_GSE75367_BRx_82_1_012015_74,3
CTC_GSE75367_BRx_82_1_030915_74,4
CTC_GSE75367_BRx_82.1..11.13.14_74,4
CTC_GSE75367_BRx_82.1..1.12.15_74,4
CTC_GSE75367_BRx_82_2_030915_74,4
CTC_GSE75367_BRx_82.2..11.13.14_74,1
CTC_GSE75367_BRx_82_3_030915_74,4
CTC_GSE75367_BRx_82_5_030915_74,4
CTC_GSE75367_BRx_82_6_030915_74,4
CTC_GSE75367_BRx_82_7_030915_74,4
CTC_GSE75367_BRx_82.8..3.9.15_74,4
CTC_GSE109761_LM2_A81_212,4
CTC_GSE109761_LM2_A83_212,4
CTC_GSE109761_LM2_A85_212,4
CTC_GSE109761_LM2_A89_212,4
CTC_GSE109761_LM2_A90_212,4
CTC_GSE109761_LM2_E1_212,4
CTC_GSE109761_LM2_E2_212,4
CTC_GSE109761_LM2_E3_212,4
CTC_GSE109761_LM2_E4_212,4
CTC_GSE109761_LM2_E6_212,4
CTC_GSE109761_LM2_G11_212,4
CTC_GSE109761_LM2_G12_212,4
CTC_GSE109761_LM2_G13_212,4
CTC_GSE109761_Br16_AC5_212,4
CTC_GSE109761_Br16_AC6_212,4
CTC_GSE109761_Br16_AC9_212,4
CTC_GSE109761_Br16_AC10_212,4
CTC_GSE109761_Br16_AC19_212,4
CTC_GSE109761_Br16_B2_212,4
CTC_GSE109761_Br16_B3_212,4
CTC_GSE109761_Br16_B8_212,4
CTC_GSE109761_Br16_B12_212,4
CTC_GSE109761_Br16_B17_212,4
CTC_GSE109761_Br16_B32_212,4
CTC_GSE109761_Br16_B33_212,4
CTC_GSE109761_Br16_B34_212,4
CTC_GSE109761_Br16_B49_212,4
CTC_GSE109761_Br16_B50_212,4
CTC_GSE109761_Br16_B51_212,4
CTC_GSE109761_Br16_B52_212,4
CTC_GSE109761_Br16_B59_212,4
CTC_GSE109761_Br16_B60_212,4
CTC_GSE109761_Br16_C1_212,4
CTC_GSE109761_Br16_C2_212,4
CTC_GSE109761_Br16_C3_212,4
CTC_GSE109761_Br16_C4_212,4
CTC_GSE109761_Br16_C7_212,4
CTC_GSE109761_Br16_C10_212,4
CTC_GSE109761_Br16_C11_212,4
CTC_GSE109761_Br16_C12_212,4
CTC_GSE109761_Br16_C33_212,4
CTC_GSE109761_Br16_C34_212,4
CTC_GSE109761_CD_Br16_46_212,4
CTC_GSE109761_CD_Br16_49_212,4
CTC_GSE109761_CD_Br16_51_212,4
CTC_GSE109761_CD_Br16_52_212,4
CTC_GSE109761_CD_Br16_54_212,4
CTC_GSE109761_CD_Br16_56_212,4
CTC_GSE109761_CD_Br16_58_212,4
CTC_GSE109761_CD_Br16_59_212,4
CTC_GSE109761_CD_Br16_60_212,4
CTC_GSE109761_CD_Br16_62_212,4
CTC_GSE109761_CD_LM2_33_212,4
CTC_GSE109761_CD_LM2_34_212,4
CTC_GSE109761_CD_LM2_37_212,4
CTC_GSE109761_CD_LM2_38_212,4
CTC_GSE109761_CD_LM2_39_212,4
CTC_GSE109761_CD_LM2_41_212,4
CTC_GSE109761_CD_LM2_42_212,4
CTC_GSE109761_CD_LM2_43_212,4
CTC_GSE109761_CD_LM2_44_212,4
CTC_GSE109761_CD_LM2_45_212,4
CTC_GSE109761_Br37_1_212,4
CTC_GSE109761_Br37_2_212,4
CTC_GSE109761_Br38_5_212,1
CTC_GSE109761_Br38_6_212,1
CTC_GSE109761_Br23_28_212,4
CTC_GSE109761_Br44_3_212,1
CTC_GSE109761_Br38_12_212,1
CTC_GSE109761_Br39_15_212,4
CTC_GSE109761_Br39_16_212,4
CTC_GSE109761_Br39_28_212,4
CTC_GSE109761_Br39_1_212,4
CTC_GSE109761_Br11_1_212,4
CTC_GSE109761_Br11_11_212,4
CTC_GSE109761_Br11_17_212,4
CTC_GSE109761_Br11_19_212,4
CTC_GSE109761_Br11_2_212,4
CTC_GSE109761_Br11_3_212,4
CTC_GSE109761_Br11_4_212,4
CTC_GSE109761_Br11_6_212,4
CTC_GSE109761_Br11_7_212,4
CTC_GSE109761_Br11_8_212,4
CTC_GSE109761_Br11_9_212,4
CTC_GSE109761_Br45_CTC_2_212,4
CTC_GSE109761_Br45_CTC_3_212,1
CTC_GSE109761_Br57_CTC__10_212,4
CTC_GSE109761_Br57_CTC__11_212,4
CTC_GSE109761_Br57_CTC__12_212,4
CTC_GSE109761_Br57_CTC__13_212,4
CTC_GSE109761_Br57_CTC__14_212,4
CTC_GSE109761_Br57_CTC__15_212,4
CTC_GSE109761_Br57_CTC__16_212,4
CTC_GSE109761_Br57_CTC__2_212,4
CTC_GSE109761_Br57_CTC__3_212,4
CTC_GSE109761_Br57_CTC__4_212,4
CTC_GSE109761_Br57_CTC__7_212,4
CTC_GSE109761_Br57_CTC__8_212,4
CTC_GSE109761_Br57_CTC__9_212,4
CTC_GSE109761_Br61_CTC___10_212,4
CTC_GSE109761_Br61_CTC___13_212,4
CTC_GSE109761_Br61_CTC___20_212,4
CTC_GSE109761_Br61_CTC___25_212,4
CTC_GSE109761_Br61_CTC___35_212,4
CTC_GSE109761_Br61_CTC___4_212,4
CTC_GSE109761_Br61_CTC___6_212,4
CTC_GSE109761_Brx50_NSG_CTC_A2_212,4
CTC_GSE109761_Brx50_NSG_CTC_A3_212,4
CTC_GSE109761_Brx50_NSG_CTC_A5_212,4
CTC_GSE109761_Brx50_NSG_CTC_A7_212,4
CTC_GSE109761_Br7_2_212,4
CTC_GSE109761_Br7_5_212,4
CTC_GSE109761_Br16_1_212,4
CTC_GSE109761_Br16_2_212,1
CTC_GSE109761_Br16_4_212,4
CTC_GSE109761_Br46_1_45_212,1
CTC_GSE109761_LM2_A86_212,4
CTC_GSE109761_LM2_A93_212,4
CTC_GSE109761_LM2_A94_212,4
CTC_GSE109761_LM2_E5_212,4
CTC_GSE109761_LM2_E7_212,4
CTC_GSE109761_LM2_G1_212,4
CTC_GSE109761_LM2_G9_212,4
CTC_GSE109761_LM2_G10_212,4
CTC_GSE109761_LM2_G14_212,4
CTC_GSE109761_LM2_G15_212,4
CTC_GSE109761_Br16_AC1_212,4
CTC_GSE109761_Br16_AC4_212,4
CTC_GSE109761_Br16_AC7_212,4
CTC_GSE109761_Br16_AC8_212,4
CTC_GSE109761_Br16_AC14_212,4
CTC_GSE109761_Br16_AC15_212,4
CTC_GSE109761_Br16_AC16_212,4
CTC_GSE109761_Br16_AC17_212,4
CTC_GSE109761_Br16_AC18_212,4
CTC_GSE109761_Br16_AC20_212,4
CTC_GSE109761_Br16_AC33_212,4
CTC_GSE109761_Br16_AC34_212,4
CTC_GSE109761_Br16_AC37_212,4
CTC_GSE109761_Br16_AC38_212,1
CTC_GSE109761_Br16_AC39_212,4
CTC_GSE109761_Br16_AC40_212,4
CTC_GSE109761_Br16_B4_212,4
CTC_GSE109761_Br16_B5_212,4
CTC_GSE109761_Br16_B6_212,4
CTC_GSE109761_Br16_B7_212,4
CTC_GSE109761_Br16_B10_212,4
CTC_GSE109761_Br16_B11_212,4
CTC_GSE109761_Br16_B16_212,4
CTC_GSE109761_Br16_B19_212,4
CTC_GSE109761_Br16_B20_212,4
CTC_GSE109761_Br16_B23_212,4
CTC_GSE109761_Br16_B24_212,4
CTC_GSE109761_Br16_B25_212,4
CTC_GSE109761_Br16_B26_212,4
CTC_GSE109761_Br16_B29_212,4
CTC_GSE109761_Br16_B30_212,4
CTC_GSE109761_Br16_B31_212,4
CTC_GSE109761_Br16_B45_212,4
CTC_GSE109761_Br16_B46_212,4
CTC_GSE109761_Br16_B53_212,4
CTC_GSE109761_Br16_B55_212,4
CTC_GSE109761_Br16_B56_212,4
CTC_GSE109761_Br16_B57_212,4
CTC_GSE109761_Br16_B58_212,4
CTC_GSE109761_Br16_B61_212,4
CTC_GSE109761_Br16_C5_212,4
CTC_GSE109761_Br16_C6_212,4
CTC_GSE109761_Br16_C8_212,4
CTC_GSE109761_Br16_C13_212,4
CTC_GSE109761_CD_Br16_47_212,4
CTC_GSE109761_CD_Br16_48_212,4
CTC_GSE109761_CD_Br16_50_212,4
CTC_GSE109761_CD_Br16_53_212,4
CTC_GSE109761_CD_Br16_55_212,4
CTC_GSE109761_CD_Br16_57_212,4
CTC_GSE109761_CD_Br16_61_212,4
CTC_GSE109761_CD_Br16_63_212,4
CTC_GSE109761_CD_Br16_64_212,4
CTC_GSE109761_CD_Br16_65_212,4
CTC_GSE109761_CD_LM2_27_212,4
CTC_GSE109761_CD_LM2_28_212,4
CTC_GSE109761_CD_LM2_29_212,4
CTC_GSE109761_CD_LM2_30_212,4
CTC_GSE109761_CD_LM2_31_212,4
CTC_GSE109761_CD_LM2_32_212,4
CTC_GSE109761_CD_LM2_35_212,4
CTC_GSE109761_CD_LM2_36_212,4
CTC_GSE109761_CD_LM2_40_212,4
CTC_GSE109761_Br23_20_212,4
CTC_GSE109761_Br23_23_212,4
CTC_GSE109761_Br23_26_212,4
CTC_GSE109761_Br23_27_212,4
CTC_GSE109761_Br39_23_212,3
CTC_GSE109761_Br11_10_212,4
CTC_GSE109761_Br11_18_212,2
CTC_GSE109761_Br53_CTC_1_212,4
CTC_GSE109761_Br57_CTC__17_212,4
CTC_GSE109761_Br61_CTC___18_212,4
CTC_GSE109761_Br61_CTC___22_212,4
CTC_GSE109761_Br61_CTC___23_212,4
CTC_GSE109761_Br61_CTC___24_212,4
CTC_GSE109761_Br61_CTC___34_212,4
CTC_GSE109761_Br61_CTC___38_212,4
CTC_GSE109761_Br61_CTC___45_212,4
CTC_GSE109761_Brx50_NSG_CTC_A4_212,4
CTC_GSE109761_Brx50_NSG_CTC_A6_212,4
CTC_GSE109761_Br7_7_12_212,4
CTC_GSE109761_Br7_1_SG_212,4
CTC_GSE109761_Br16_3_212,4
CTC_GSE109761_Br16_5_212,4
CTC_GSE109761_Br16_6_212,4
CTC_GSE86978_BR21_1_SC1_052113_77,2
CTC_GSE86978_BR21_1_SC2_052113_77,2
CTC_GSE86978_BR21_1_SC3_052113_77,2
CTC_GSE86978_BR29_1_012913_77,3
CTC_GSE86978_BR29_2_012913_77,2
CTC_GSE86978_BrTr08_1_SC1_012913_77,1
CTC_GSE86978_BrTr08_1_SC2_012913_77,1
CTC_GSE86978_BrTr11_SC2_022513_77,4
CTC_GSE86978_BrTr11_SC1_022513_77,4
CTC_GSE86978_BrTr12_SC_022813_77,3
CTC_GSE86978_Brx09_1_011513_77,3
CTC_GSE86978_Brx10_1_SC1_041113_77,2
CTC_GSE86978_Brx10_1_SC2_041113_77,2
CTC_GSE86978_Brx10_1_SC3_041113_77,2
CTC_GSE86978_Brx50_2_031113_77,3
CTC_GSE86978_Brx52_SC1_020413_77,4
CTC_GSE86978_Brx52_SC2_020413_77,1
CTC_GSE86978_Brx53_SC_011513_77,1
CTC_GSE86978_Brx53_SC2_010313_77,1
CTC_GSE86978_Brx53_SC1_010313_77,1
CTC_GSE86978_Brx61_1_SC4_032012_77,4
CTC_GSE86978_Brx61_1_SC1_032012_77,2
CTC_GSE86978_Brx61_1_SC2_032012_77,1
CTC_GSE86978_Brx61_1_SC3_032012_77,4
CTC_GSE86978_Brx66_1_012913_77,2
CTC_GSE86978_Brx66_2_SC1_012913_77,2
CTC_GSE86978_Brx66_2_SC2_012913_77,2
CTC_GSE86978_Brx71_SC1_031413_77,2
CTC_GSE86978_Brx71_SC2_031413_77,2
CTC_GSE86978_Brx72_1_SC1_031813_77,2
CTC_GSE86978_Brx72_1_SC2_031813_77,2
CTC_GSE86978_Brx72_1_SC3_031813_77,2
CTC_GSE86978_Brx72_1_SC4_031813_77,2
CTC_GSE86978_Brx72_1_SC5_031813_77,2
CTC_GSE86978_Brx72_1_SC6_031813_77,2
CTC_GSE86978_Brx73_1_SC2_032013_77,2
CTC_GSE86978_Brx73_1_SC1_032013_77,2
CTC_GSE86978_Brx74_1_SC1_032813_77,2
CTC_GSE86978_Brx74_1_SC2_032813_77,2
CTC_GSE86978_Brx78_1_05102013_77,4
CTC_GSE86978_Brx82_1_SC1_051613_77,2
CTC_GSE86978_Brx82_1_SC2_051613_77,3
CTC_GSE86978_Brx83_1_SC1_051613_77,3
CTC_GSE86978_Brx83_1_SC2_051613_77,2
CTC_GSE86978_Brx83_1_SC3_051613_77,2
CTC_GSE86978_Brx83_1_SC4_051613_77,2
CTC_GSE86978_Brx87_1_SC2_062113_77,1
CTC_GSE86978_Brx87_1_SC1_062113_77,3
CTC_GSE86978_Brx97_1_SC4_072313_77,2
CTC_GSE86978_Brx97_1_SC1_072313_77,2
CTC_GSE86978_Brx97_1_SC2_072313_77,2
CTC_GSE86978_Brx97_1_SC3_072313_77,1
CTC_GSE86978_Brx97_1_SC5_072313_77,2
CTC_GSE86978_Brx98_1_SC3_072313_77,2
CTC_GSE86978_Brx98_1_SC5_072313_77,2
CTC_hyrdo_seq_1A_1,2
CTC_hyrdo_seq_1A_2,2
CTC_hyrdo_seq_1A_3,2
CTC_hyrdo_seq_1A_4,2
CTC_hyrdo_seq_1A_5,2
CTC_hyrdo_seq_1A_6,2
CTC_hyrdo_seq_1A_7,2
CTC_hyrdo_seq_1A_8,2
CTC_hyrdo_seq_1A_9,2
CTC_hyrdo_seq_1A_10,2
CTC_hyrdo_seq_1A_11,2
CTC_hyrdo_seq_1A_12,2
CTC_hyrdo_seq_1A_13,2
CTC_hyrdo_seq_1A_14,2
CTC_hyrdo_seq_1A_15,2
CTC_hyrdo_seq_1A_16,2
CTC_hyrdo_seq_1A_17,2
CTC_hyrdo_seq_1A_18,2
CTC_hyrdo_seq_1A_19,2
CTC_hyrdo_seq_2A_1,2
CTC_hyrdo_seq_2A_2,2
CTC_hyrdo_seq_2A_3,2
CTC_hyrdo_seq_2A_4,2
CTC_hyrdo_seq_2A_5,2
CTC_hyrdo_seq_2A_6,2
CTC_hyrdo_seq_2A_7,2
CTC_hyrdo_seq_2A_8,2
CTC_hyrdo_seq_2A_9,2
CTC_hyrdo_seq_2A_10,2
CTC_hyrdo_seq_2A_11,2
CTC_hyrdo_seq_2A_12,2
CTC_hyrdo_seq_2A_13,2
CTC_hyrdo_seq_2A_14,2
CTC_hyrdo_seq_2A_15,2
CTC_hyrdo_seq_2A_16,2
CTC_hyrdo_seq_2A_17,2
CTC_hyrdo_seq_2A_18,2
CTC_hyrdo_seq_2A_19,2
CTC_hyrdo_seq_2A_20,3
CTC_hyrdo_seq_2A_21,2
CTC_hyrdo_seq_2A_22,2
CTC_hyrdo_seq_2A_23,2
CTC_hyrdo_seq_2A_24,2
CTC_hyrdo_seq_2A_25,2
CTC_hyrdo_seq_2A_26,2
CTC_hyrdo_seq_2A_27,2
CTC_hyrdo_seq_2A_28,2
CTC_hyrdo_seq_2A_29,2
CTC_hyrdo_seq_2A_30,2
CTC_hyrdo_seq_2A_31,2
CTC_hyrdo_seq_2A_32,2
CTC_hyrdo_seq_2A_33,2
CTC_hyrdo_seq_2A_34,2
CTC_hyrdo_seq_2A_35,2
CTC_hyrdo_seq_2A_36,2
CTC_hyrdo_seq_2A_37,2
CTC_hyrdo_seq_2A_38,2
CTC_hyrdo_seq_2A_39,2
CTC_hyrdo_seq_2A_40,2
CTC_hyrdo_seq_2A_41,2
CTC_hyrdo_seq_2A_42,2
CTC_hyrdo_seq_2A_43,2
CTC_hyrdo_seq_2A_44,2
CTC_hyrdo_seq_2A_45,2
CTC_hyrdo_seq_2A_46,2
CTC_hyrdo_seq_2A_47,2
CTC_hyrdo_seq_2B_1,3
CTC_hyrdo_seq_2B_2,2
CTC_hyrdo_seq_2B_3,2
CTC_hyrdo_seq_2B_4,2
CTC_hyrdo_seq_2B_5,2
CTC_hyrdo_seq_2B_6,2
CTC_hyrdo_seq_2B_7,2
CTC_hyrdo_seq_2B_8,2
CTC_hyrdo_seq_2B_9,2
CTC_hyrdo_seq_2B_10,2
CTC_hyrdo_seq_2B_11,2
CTC_hyrdo_seq_2B_12,2
CTC_hyrdo_seq_2B_13,2
CTC_hyrdo_seq_2B_14,2
CTC_hyrdo_seq_2B_15,2
CTC_hyrdo_seq_2B_16,2
CTC_hyrdo_seq_2C_1,1
CTC_hyrdo_seq_2C_2,1
CTC_hyrdo_seq_2C_3,3
CTC_hyrdo_seq_2C_4,1
CTC_hyrdo_seq_2C_5,1
CTC_hyrdo_seq_2C_6,3
CTC_hyrdo_seq_2C_7,3
CTC_hyrdo_seq_2C_8,1
CTC_hyrdo_seq_2C_9,1
CTC_hyrdo_seq_2C_10,1
CTC_hyrdo_seq_2C_11,1
CTC_hyrdo_seq_2C_12,1
CTC_hyrdo_seq_2C_13,1
CTC_hyrdo_seq_2C_14,1
CTC_hyrdo_seq_2C_15,1
CTC_hyrdo_seq_2F_1,3
CTC_hyrdo_seq_2F_2,3
CTC_hyrdo_seq_2F_3,3
CTC_hyrdo_seq_2F_4,3
CTC_hyrdo_seq_2F_5,3
CTC_hyrdo_seq_2F_6,3
CTC_hyrdo_seq_2F_7,3
CTC_hyrdo_seq_2F_8,3
CTC_hyrdo_seq_2F_9,3
CTC_hyrdo_seq_2F_10,3
CTC_hyrdo_seq_2F_11,3
CTC_hyrdo_seq_2F_12,3
CTC_hyrdo_seq_2F_13,3
CTC_hyrdo_seq_2F_14,3
CTC_hyrdo_seq_2F_15,3
CTC_hyrdo_seq_2F_16,3
CTC_hyrdo_seq_2F_17,3
CTC_hyrdo_seq_2F_18,3
CTC_hyrdo_seq_2F_19,3
CTC_hyrdo_seq_2F_20,3
CTC_hyrdo_seq_2F_21,3
CTC_hyrdo_seq_2F_22,3
CTC_hyrdo_seq_2F_23,3
CTC_hyrdo_seq_2F_24,3
CTC_hyrdo_seq_2F_25,3
CTC_hyrdo_seq_2F_26,3
CTC_hyrdo_seq_2F_27,3
CTC_hyrdo_seq_2F_28,3
CTC_hyrdo_seq_2F_29,3
CTC_hyrdo_seq_2F_30,3
CTC_hyrdo_seq_2F_31,3
CTC_hyrdo_seq_2F_32,3
CTC_hyrdo_seq_2F_33,3
CTC_hyrdo_seq_2F_34,3
CTC_hyrdo_seq_2F_35,3
CTC_hyrdo_seq_2F_36,3
CTC_hyrdo_seq_2F_37,3
CTC_hyrdo_seq_2F_38,3
CTC_hyrdo_seq_2F_39,3
CTC_hyrdo_seq_2F_40,3
CTC_hyrdo_seq_2F_41,3
CTC_hyrdo_seq_2F_42,3
CTC_hyrdo_seq_2F_43,3
CTC_hyrdo_seq_2F_44,3
CTC_hyrdo_seq_2F_45,3
CTC_hyrdo_seq_2F_46,3
CTC_hyrdo_seq_2F_47,3
CTC_hyrdo_seq_2F_48,3
CTC_hyrdo_seq_2F_49,3
CTC_hyrdo_seq_2F_50,3
CTC_hyrdo_seq_2F_51,3
CTC_hyrdo_seq_2F_52,3
CTC_hyrdo_seq_2F_53,3
CTC_hyrdo_seq_2F_54,3
CTC_hyrdo_seq_2F_55,3
CTC_hyrdo_seq_2F_56,3
CTC_hyrdo_seq_2F_57,3
CTC_hyrdo_seq_2F_58,3
CTC_hyrdo_seq_2F_59,3
CTC_hyrdo_seq_2F_60,3
CTC_hyrdo_seq_2F_61,3
CTC_hyrdo_seq_2F_62,3
CTC_hyrdo_seq_2F_63,3
CTC_hyrdo_seq_2F_64,3
CTC_hyrdo_seq_2F_65,3
CTC_hyrdo_seq_2F_66,3
CTC_hyrdo_seq_2F_67,3
CTC_hyrdo_seq_2F_68,3
CTC_hyrdo_seq_2F_69,3
CTC_hyrdo_seq_2F_70,3
CTC_hyrdo_seq_2F_71,3
CTC_hyrdo_seq_2F_72,3
CTC_hyrdo_seq_2F_73,3
CTC_hyrdo_seq_2F_74,3
CTC_hyrdo_seq_2F_75,3
CTC_hyrdo_seq_2F_76,3
CTC_hyrdo_seq_2F_77,3
CTC_hyrdo_seq_2F_78,3
CTC_hyrdo_seq_2F_79,3
CTC_hyrdo_seq_2F_80,3
CTC_hyrdo_seq_2F_81,3
CTC_hyrdo_seq_2F_82,3
CTC_hyrdo_seq_2F_83,3
CTC_hyrdo_seq_2F_84,3
CTC_hyrdo_seq_2F_85,3
CTC_hyrdo_seq_2F_86,3
CTC_hyrdo_seq_2F_87,3
CTC_hyrdo_seq_2F_88,3
CTC_hyrdo_seq_2F_89,3
CTC_hyrdo_seq_2F_90,3
CTC_hyrdo_seq_2F_91,3
CTC_hyrdo_seq_2F_92,3
CTC_hyrdo_seq_2F_93,3
CTC_hyrdo_seq_2F_94,3
CTC_hyrdo_seq_2F_95,3
CTC_hyrdo_seq_2F_96,3
CTC_hyrdo_seq_2F_97,3
CTC_hyrdo_seq_2F_98,3
CTC_hyrdo_seq_2F_99,3
CTC_hyrdo_seq_2F_100,3
CTC_hyrdo_seq_2F_101,3
CTC_hyrdo_seq_2F_102,3
CTC_hyrdo_seq_2F_103,3
CTC_hyrdo_seq_2F_104,3
CTC_hyrdo_seq_2F_105,3
CTC_hyrdo_seq_2F_106,3
CTC_hyrdo_seq_2F_107,3
CTC_hyrdo_seq_2F_108,3
CTC_hyrdo_seq_2F_109,3
CTC_hyrdo_seq_2F_110,3
CTC_hyrdo_seq_2F_111,3
CTC_hyrdo_seq_2F_112,3
CTC_hyrdo_seq_2F_113,3
CTC_hyrdo_seq_2F_114,3
CTC_hyrdo_seq_2F_115,3
CTC_hyrdo_seq_2F_116,3
CTC_hyrdo_seq_2F_117,3
CTC_hyrdo_seq_2F_118,3
CTC_hyrdo_seq_2F_119,3
CTC_hyrdo_seq_2F_120,3
CTC_hyrdo_seq_2F_121,3
CTC_hyrdo_seq_2F_122,3
CTC_hyrdo_seq_2F_123,3
CTC_hyrdo_seq_2F_124,3
CTC_hyrdo_seq_2G_1,2
CTC_hyrdo_seq_2G_2,2
CTC_hyrdo_seq_2G_3,3
CTC_hyrdo_seq_2G_4,2
CTC_hyrdo_seq_2G_5,2
CTC_hyrdo_seq_2G_6,2
CTC_hyrdo_seq_2G_7,3
CTC_hyrdo_seq_2G_8,2
CTC_hyrdo_seq_2G_9,2
CTC_hyrdo_seq_2G_10,2
CTC_hyrdo_seq_2G_11,2
CTC_hyrdo_seq_2G_12,2
CTC_hyrdo_seq_2G_13,2
CTC_hyrdo_seq_2G_14,2
CTC_hyrdo_seq_2G_15,2
CTC_hyrdo_seq_2G_16,2
CTC_hyrdo_seq_2G_17,2
CTC_hyrdo_seq_2G_18,2
CTC_hyrdo_seq_2G_19,2
CTC_hyrdo_seq_2G_20,3
CTC_hyrdo_seq_2G_21,2
CTC_hyrdo_seq_2G_22,2
CTC_hyrdo_seq_2G_23,2
CTC_hyrdo_seq_2G_24,2
CTC_hyrdo_seq_2G_25,2
CTC_hyrdo_seq_2G_26,2
CTC_hyrdo_seq_2G_27,2
CTC_hyrdo_seq_2G_28,2
CTC_hyrdo_seq_2G_29,2
CTC_hyrdo_seq_2G_30,2
CTC_hyrdo_seq_2G_31,3
CTC_hyrdo_seq_2G_32,2
CTC_hyrdo_seq_2G_33,3
CTC_hyrdo_seq_2G_34,3
CTC_hyrdo_seq_2G_35,2
CTC_hyrdo_seq_2G_36,3
CTC_hyrdo_seq_2G_37,2
CTC_hyrdo_seq_2G_38,2
CTC_hyrdo_seq_2G_39,3
CTC_hyrdo_seq_2G_40,2
CTC_hyrdo_seq_2G_41,3
CTC_hyrdo_seq_2G_42,3
CTC_hyrdo_seq_2G_43,3
CTC_hyrdo_seq_2G_44,3
CTC_hyrdo_seq_2G_45,3
CTC_hyrdo_seq_2G_46,2
CTC_hyrdo_seq_2G_47,2
CTC_hyrdo_seq_2G_48,3
CTC_hyrdo_seq_2G_49,2
CTC_hyrdo_seq_2G_50,2
CTC_hyrdo_seq_2G_51,3
CTC_hyrdo_seq_2G_52,2
CTC_hyrdo_seq_2G_53,2
CTC_hyrdo_seq_2G_54,2
CTC_hyrdo_seq_2G_55,2
CTC_hyrdo_seq_2G_56,2
CTC_hyrdo_seq_2G_57,2
CTC_hyrdo_seq_2G_58,2
CTC_hyrdo_seq_2G_59,3
CTC_hyrdo_seq_2G_60,3
CTC_hyrdo_seq_2G_61,2
CTC_hyrdo_seq_2H_1,1
CTC_hyrdo_seq_2H_2,1
CTC_hyrdo_seq_2H_3,1
CTC_hyrdo_seq_2H_4,2
CTC_hyrdo_seq_2H_5,1
CTC_hyrdo_seq_2H_6,3
CTC_hyrdo_seq_2H_7,1
CTC_hyrdo_seq_2H_8,2
CTC_hyrdo_seq_2H_9,1
CTC_hyrdo_seq_2H_10,1
CTC_hyrdo_seq_2H_11,1
CTC_hyrdo_seq_2H_12,1
CTC_hyrdo_seq_2H_13,1
CTC_hyrdo_seq_2H_14,1
CTC_hyrdo_seq_2H_15,2
CTC_hyrdo_seq_2H_16,2
CTC_hyrdo_seq_2H_17,1
CTC_hyrdo_seq_2H_18,1
CTC_hyrdo_seq_2H_19,2
CTC_hyrdo_seq_2H_20,2
CTC_hyrdo_seq_2H_21,1
CTC_hyrdo_seq_2H_22,1
CTC_hyrdo_seq_2H_23,1
CTC_hyrdo_seq_2H_24,2
CTC_hyrdo_seq_2H_25,1
CTC_hyrdo_seq_2H_26,1
CTC_hyrdo_seq_2H_27,3
CTC_hyrdo_seq_2H_28,1
CTC_hyrdo_seq_2H_29,2
CTC_hyrdo_seq_2H_30,2
CTC_hyrdo_seq_2H_31,2
CTC_hyrdo_seq_2H_32,2
CTC_hyrdo_seq_2H_33,3
CTC_hyrdo_seq_2H_34,2
CTC_hyrdo_seq_2H_35,2
CTC_hyrdo_seq_2H_36,1
CTC_hyrdo_seq_2H_37,1
CTC_hyrdo_seq_2H_38,2
CTC_hyrdo_seq_2H_39,1
CTC_hyrdo_seq_2H_40,1
CTC_hyrdo_seq_2H_41,1
CTC_hyrdo_seq_2H_42,1
CTC_hyrdo_seq_2H_43,1
CTC_hyrdo_seq_2H_44,1
CTC_hyrdo_seq_2H_45,2
CTC_hyrdo_seq_2H_46,1
CTC_hyrdo_seq_2H_47,1
CTC_hyrdo_seq_2H_48,3
CTC_hyrdo_seq_2H_49,1
CTC_hyrdo_seq_2H_50,2
CTC_hyrdo_seq_2H_51,1
CTC_hyrdo_seq_2H_52,1
CTC_hyrdo_seq_2H_53,1
CTC_hyrdo_seq_2H_54,1
CTC_hyrdo_seq_2H_55,1
CTC_hyrdo_seq_2H_56,1
CTC_hyrdo_seq_2H_57,1
CTC_hyrdo_seq_2H_58,1
CTC_hyrdo_seq_2H_59,1
CTC_hyrdo_seq_2H_60,1
CTC_hyrdo_seq_2H_61,1
CTC_hyrdo_seq_2H_62,1
CTC_hyrdo_seq_2H_63,1
CTC_hyrdo_seq_2H_64,2
CTC_hyrdo_seq_2H_65,1
CTC_hyrdo_seq_2H_66,1
CTC_hyrdo_seq_2H_67,1
CTC_hyrdo_seq_2H_68,1
CTC_hyrdo_seq_2H_69,2
CTC_hyrdo_seq_2H_70,1
CTC_hyrdo_seq_2H_71,2
CTC_hyrdo_seq_2H_72,1
CTC_hyrdo_seq_2H_73,2
CTC_hyrdo_seq_2H_74,2
CTC_hyrdo_seq_2H_75,1
CTC_hyrdo_seq_2H_76,1
CTC_hyrdo_seq_2H_77,1
CTC_hyrdo_seq_2H_78,1
CTC_hyrdo_seq_2H_79,2
CTC_hyrdo_seq_2H_80,3
CTC_hyrdo_seq_2H_81,1
CTC_hyrdo_seq_2H_82,1
CTC_hyrdo_seq_2H_83,1
CTC_hyrdo_seq_2H_84,2
CTC_hyrdo_seq_2H_85,1
CTC_hyrdo_seq_2H_86,1
CTC_hyrdo_seq_2H_87,1
CTC_hyrdo_seq_2H_88,1
CTC_hyrdo_seq_2H_89,1
CTC_hyrdo_seq_2H_90,1
CTC_hyrdo_seq_2H_91,1
CTC_hyrdo_seq_2H_92,2
CTC_hyrdo_seq_2H_93,1
CTC_hyrdo_seq_2H_94,2
CTC_hyrdo_seq_2H_95,2
CTC_hyrdo_seq_2H_96,3
CTC_hyrdo_seq_2H_97,2
CTC_hyrdo_seq_2H_98,1
CTC_hyrdo_seq_2H_99,1
CTC_hyrdo_seq_2H_100,1
CTC_hyrdo_seq_2H_101,2
CTC_hyrdo_seq_2I_1,3
CTC_hyrdo_seq_2I_2,3
CTC_hyrdo_seq_2I_3,3
CTC_hyrdo_seq_2I_4,2
CTC_hyrdo_seq_2I_5,2
CTC_hyrdo_seq_2I_6,2
CTC_hyrdo_seq_2I_7,2
CTC_hyrdo_seq_2I_8,2
CTC_hyrdo_seq_2I_9,2
CTC_hyrdo_seq_2I_10,3
CTC_hyrdo_seq_2I_11,3
CTC_hyrdo_seq_2I_12,2
CTC_hyrdo_seq_2I_13,2
CTC_hyrdo_seq_2I_14,3
CTC_hyrdo_seq_2I_15,2
CTC_hyrdo_seq_2I_16,2
CTC_hyrdo_seq_2I_17,2
CTC_hyrdo_seq_2I_18,2
CTC_hyrdo_seq_2I_19,2
CTC_hyrdo_seq_2I_20,2
CTC_hyrdo_seq_2I_21,2
CTC_hyrdo_seq_2I_22,3
CTC_hyrdo_seq_2I_23,2
CTC_hyrdo_seq_2I_24,1
CTC_hyrdo_seq_2I_25,3
CTC_hyrdo_seq_2I_26,2
CTC_hyrdo_seq_2I_27,2
CTC_hyrdo_seq_2I_28,3
CTC_hyrdo_seq_2I_29,2
CTC_hyrdo_seq_2I_30,2
CTC_hyrdo_seq_2I_31,2
CTC_hyrdo_seq_2I_32,2
CTC_hyrdo_seq_2I_33,2
CTC_hyrdo_seq_2I_34,2
CTC_hyrdo_seq_2I_35,3
CTC_hyrdo_seq_2I_36,3
CTC_hyrdo_seq_2I_37,2
CTC_hyrdo_seq_2I_38,2
CTC_hyrdo_seq_2I_39,2
CTC_hyrdo_seq_2I_40,2
CTC_hyrdo_seq_2I_41,3
CTC_hyrdo_seq_2I_42,2
CTC_hyrdo_seq_2I_43,2
CTC_hyrdo_seq_2I_44,2
CTC_hyrdo_seq_2I_45,2
CTC_hyrdo_seq_2I_46,3
CTC_hyrdo_seq_2I_47,2
CTC_hyrdo_seq_2J_1,2
CTC_hyrdo_seq_2J_2,2
CTC_hyrdo_seq_2J_3,2
CTC_hyrdo_seq_2J_4,3
CTC_hyrdo_seq_2J_5,2
CTC_hyrdo_seq_2J_6,2
CTC_hyrdo_seq_2J_7,2
CTC_hyrdo_seq_2J_8,2
CTC_hyrdo_seq_2J_9,2
CTC_hyrdo_seq_2J_10,2
CTC_hyrdo_seq_2J_11,2
CTC_hyrdo_seq_2J_12,2
CTC_hyrdo_seq_2J_13,2
CTC_hyrdo_seq_2J_14,3
CTC_hyrdo_seq_2J_15,3
CTC_hyrdo_seq_2J_16,2
CTC_hyrdo_seq_2J_17,2
CTC_hyrdo_seq_2J_18,2
CTC_hyrdo_seq_2J_19,2
CTC_hyrdo_seq_2J_20,2
CTC_hyrdo_seq_2J_21,2
CTC_hyrdo_seq_2J_22,2
CTC_hyrdo_seq_2J_23,2
CTC_hyrdo_seq_2J_24,3
CTC_hyrdo_seq_2J_25,2
CTC_hyrdo_seq_2J_26,2
CTC_hyrdo_seq_2J_27,2
CTC_hyrdo_seq_2J_28,2
CTC_hyrdo_seq_2J_29,2
CTC_hyrdo_seq_2J_30,2
CTC_hyrdo_seq_2J_31,2
CTC_hyrdo_seq_2J_32,3
CTC_hyrdo_seq_2J_33,2
CTC_hyrdo_seq_2J_34,2
CTC_hyrdo_seq_2J_35,2
CTC_hyrdo_seq_2K_1,3
CTC_hyrdo_seq_2K_2,2
CTC_hyrdo_seq_2K_3,2
CTC_hyrdo_seq_2K_4,3
CTC_hyrdo_seq_2K_5,2
CTC_hyrdo_seq_2K_6,2
CTC_hyrdo_seq_2K_7,2
CTC_hyrdo_seq_2K_8,2
CTC_hyrdo_seq_2K_9,2
CTC_hyrdo_seq_2K_10,2
CTC_hyrdo_seq_2K_11,2
CTC_hyrdo_seq_2K_12,2
CTC_hyrdo_seq_2K_13,2
CTC_hyrdo_seq_2K_14,2
CTC_hyrdo_seq_2K_15,3
CTC_hyrdo_seq_2K_16,3
CTC_hyrdo_seq_2K_17,3
CTC_hyrdo_seq_2K_18,2
CTC_hyrdo_seq_2K_19,2
CTC_hyrdo_seq_2K_20,3
CTC_hyrdo_seq_2K_21,2
CTC_hyrdo_seq_2K_22,3
CTC_hyrdo_seq_2K_23,2
CTC_hyrdo_seq_2K_24,3
CTC_hyrdo_seq_2K_25,3
CTC_hyrdo_seq_2K_26,2
CTC_hyrdo_seq_2K_27,2
CTC_hyrdo_seq_2K_28,3
CTC_hyrdo_seq_2K_29,2
CTC_hyrdo_seq_2K_30,3
CTC_hyrdo_seq_2K_31,3
CTC_hyrdo_seq_2K_32,3
CTC_hyrdo_seq_2K_33,2
CTC_hyrdo_seq_2K_34,2
CTC_hyrdo_seq_2K_35,2
CTC_hyrdo_seq_2K_36,3
CTC_hyrdo_seq_2K_37,2
CTC_hyrdo_seq_2K_38,2
CTC_hyrdo_seq_2K_39,3
CTC_hyrdo_seq_2K_40,2
CTC_hyrdo_seq_2K_41,3
CTC_hyrdo_seq_2K_42,3
CTC_hyrdo_seq_2K_43,2
CTC_hyrdo_seq_2K_44,2
CTC_hyrdo_seq_2K_45,2
CTC_hyrdo_seq_2K_46,2
CTC_hyrdo_seq_2K_47,3
CTC_hyrdo_seq_2K_48,2
CTC_hyrdo_seq_2K_49,2
CTC_hyrdo_seq_2K_50,2
CTC_hyrdo_seq_2K_51,3
CTC_hyrdo_seq_2K_52,3
CTC_hyrdo_seq_2K_53,2
CTC_hyrdo_seq_2K_54,3
CTC_hyrdo_seq_2K_55,2
CTC_hyrdo_seq_2K_56,3
CTC_hyrdo_seq_2K_57,2
CTC_hyrdo_seq_2K_58,3
CTC_hyrdo_seq_3A_1,2
CTC_hyrdo_seq_3A_2,2
CTC_hyrdo_seq_3A_3,2
CTC_hyrdo_seq_3A_4,2
CTC_hyrdo_seq_3A_5,2
CTC_hyrdo_seq_3A_6,2
CTC_hyrdo_seq_3A_7,2
CTC_hyrdo_seq_3A_8,2
CTC_hyrdo_seq_3A_9,2
CTC_hyrdo_seq_3A_10,2
CTC_hyrdo_seq_3A_11,2
CTC_hyrdo_seq_3A_12,2
CTC_hyrdo_seq_3A_13,2
CTC_hyrdo_seq_3A_14,2
CTC_hyrdo_seq_3A_15,2
CTC_hyrdo_seq_3A_16,2
CTC_hyrdo_seq_3A_17,2
CTC_hyrdo_seq_3A_18,3
CTC_hyrdo_seq_3A_19,2
CTC_hyrdo_seq_3A_20,1
CTC_hyrdo_seq_3A_21,2
CTC_hyrdo_seq_3A_22,2
CTC_hyrdo_seq_3B_1,2
CTC_hyrdo_seq_3B_2,2
CTC_hyrdo_seq_3B_3,2
CTC_hyrdo_seq_3B_4,2
CTC_hyrdo_seq_3B_5,2
CTC_hyrdo_seq_3B_6,2
CTC_hyrdo_seq_3B_7,2
CTC_hyrdo_seq_3B_8,2
CTC_hyrdo_seq_3B_9,2
CTC_hyrdo_seq_3B_10,2
CTC_hyrdo_seq_3B_11,2
CTC_hyrdo_seq_3B_12,3
CTC_hyrdo_seq_3B_13,2
CTC_hyrdo_seq_3B_14,3
CTC_hyrdo_seq_3B_15,3
CTC_hyrdo_seq_3B_16,2
CTC_hyrdo_seq_3B_17,2
CTC_hyrdo_seq_3B_18,2
CTC_hyrdo_seq_3B_19,3
CTC_hyrdo_seq_3B_20,2
CTC_hyrdo_seq_3B_21,3
CTC_hyrdo_seq_3B_22,2
CTC_hyrdo_seq_3B_23,2
CTC_hyrdo_seq_3B_24,3
CTC_hyrdo_seq_3B_25,2
CTC_hyrdo_seq_3B_26,3
CTC_hyrdo_seq_3B_27,3
CTC_hyrdo_seq_3B_28,2
CTC_hyrdo_seq_3B_29,3
CTC_hyrdo_seq_3B_30,3
CTC_hyrdo_seq_3B_31,2
CTC_hyrdo_seq_3B_32,3
CTC_hyrdo_seq_3B_33,3
CTC_hyrdo_seq_3B_34,2
CTC_hyrdo_seq_3B_35,3
CTC_hyrdo_seq_3B_36,2
CTC_hyrdo_seq_3B_37,3
CTC_hyrdo_seq_3B_38,3
CTC_hyrdo_seq_3B_39,2
CTC_hyrdo_seq_3B_40,2
CTC_hyrdo_seq_3B_41,3
CTC_hyrdo_seq_3B_42,1
CTC_hyrdo_seq_3B_43,3
CTC_hyrdo_seq_3B_44,3
CTC_hyrdo_seq_3B_45,2
CTC_hyrdo_seq_3B_46,2
CTC_hyrdo_seq_3B_47,2
CTC_hyrdo_seq_3B_48,2
CTC_hyrdo_seq_3B_49,2
CTC_hyrdo_seq_3H_1,1
CTC_hyrdo_seq_3C_1,2
CTC_hyrdo_seq_3C_2,1
CTC_hyrdo_seq_3C_3,2
CTC_hyrdo_seq_3C_4,2
CTC_hyrdo_seq_3C_5,2
CTC_hyrdo_seq_3C_6,2
CTC_hyrdo_seq_3C_7,2
CTC_hyrdo_seq_3C_8,2
CTC_hyrdo_seq_3C_9,2
CTC_hyrdo_seq_3C_10,2
CTC_hyrdo_seq_3C_11,2
CTC_hyrdo_seq_3C_12,2
CTC_hyrdo_seq_3C_13,2
CTC_hyrdo_seq_3C_14,2
CTC_hyrdo_seq_3C_15,2
CTC_hyrdo_seq_3C_16,2
CTC_hyrdo_seq_3C_17,2
CTC_hyrdo_seq_3C_18,2
CTC_hyrdo_seq_3C_19,2
CTC_hyrdo_seq_3C_20,2
CTC_hyrdo_seq_3C_21,2
CTC_hyrdo_seq_3C_22,1
CTC_hyrdo_seq_3C_23,2
CTC_hyrdo_seq_3C_24,2
CTC_hyrdo_seq_3C_25,2
CTC_hyrdo_seq_3C_26,1
CTC_hyrdo_seq_3C_27,2
CTC_hyrdo_seq_3C_28,2
CTC_hyrdo_seq_3C_29,1
CTC_hyrdo_seq_3C_30,2
CTC_hyrdo_seq_3C_31,1
CTC_hyrdo_seq_3C_32,2
CTC_hyrdo_seq_3C_33,3
CTC_hyrdo_seq_3C_34,2
CTC_hyrdo_seq_3C_35,1
CTC_hyrdo_seq_3C_36,2
CTC_hyrdo_seq_3C_37,3
CTC_hyrdo_seq_3C_38,3
CTC_hyrdo_seq_3C_39,2
CTC_hyrdo_seq_3C_40,1
CTC_hyrdo_seq_3C_41,1
CTC_hyrdo_seq_3C_42,2
CTC_hyrdo_seq_3C_43,2
CTC_hyrdo_seq_3C_44,2
CTC_hyrdo_seq_3C_45,2
CTC_hyrdo_seq_3C_46,1
CTC_hyrdo_seq_3C_47,2
CTC_hyrdo_seq_3C_48,1
CTC_hyrdo_seq_3C_49,2
CTC_hyrdo_seq_3C_50,3
CTC_hyrdo_seq_3C_51,1
CTC_hyrdo_seq_3C_52,1
CTC_hyrdo_seq_3C_53,3
CTC_hyrdo_seq_3C_54,1
CTC_hyrdo_seq_3C_55,2
CTC_hyrdo_seq_3C_56,2
CTC_hyrdo_seq_3C_57,2
CTC_hyrdo_seq_3C_58,1
CTC_hyrdo_seq_3C_59,2
CTC_hyrdo_seq_3C_60,1
CTC_hyrdo_seq_3C_61,2
CTC_hyrdo_seq_3C_62,2
CTC_hyrdo_seq_3D_1,2
CTC_hyrdo_seq_3D_2,2
CTC_hyrdo_seq_3D_3,2
CTC_hyrdo_seq_3D_4,2
CTC_hyrdo_seq_3D_5,2
CTC_hyrdo_seq_3D_6,2
CTC_hyrdo_seq_3D_7,3
CTC_hyrdo_seq_3D_8,2
CTC_hyrdo_seq_3D_9,2
CTC_hyrdo_seq_3D_10,2
CTC_hyrdo_seq_3D_11,2
CTC_hyrdo_seq_3D_12,3
CTC_hyrdo_seq_3D_13,3
CTC_hyrdo_seq_3D_14,2
CTC_hyrdo_seq_3D_15,2
CTC_hyrdo_seq_3D_16,3
CTC_hyrdo_seq_3D_17,2
CTC_hyrdo_seq_3D_18,2
CTC_hyrdo_seq_3D_19,2
CTC_hyrdo_seq_3D_20,2
CTC_hyrdo_seq_3D_21,2
CTC_hyrdo_seq_3D_22,3
CTC_hyrdo_seq_3D_23,3
CTC_hyrdo_seq_3D_24,2
CTC_hyrdo_seq_3D_25,2
CTC_hyrdo_seq_3D_26,3
CTC_hyrdo_seq_3D_27,3
CTC_hyrdo_seq_3D_28,2
CTC_hyrdo_seq_3D_29,3
CTC_hyrdo_seq_3D_30,2
CTC_hyrdo_seq_3D_31,2
CTC_hyrdo_seq_3D_32,2
CTC_hyrdo_seq_3D_33,2
CTC_hyrdo_seq_3E_1,1
CTC_hyrdo_seq_3E_2,2
CTC_hyrdo_seq_3E_3,2
CTC_hyrdo_seq_3E_4,2
CTC_hyrdo_seq_3E_5,2
CTC_hyrdo_seq_3E_6,2
CTC_hyrdo_seq_3E_7,2
CTC_hyrdo_seq_3E_8,2
CTC_hyrdo_seq_3E_9,2
CTC_hyrdo_seq_3E_10,2
CTC_hyrdo_seq_3E_11,2
CTC_hyrdo_seq_3E_12,2
CTC_hyrdo_seq_3E_13,2
CTC_hyrdo_seq_3E_14,2
CTC_hyrdo_seq_3E_15,2
CTC_hyrdo_seq_3E_16,2
CTC_hyrdo_seq_3E_17,2
CTC_hyrdo_seq_3E_18,2
CTC_hyrdo_seq_3E_19,2
CTC_hyrdo_seq_3E_20,2
CTC_hyrdo_seq_3E_21,2
CTC_hyrdo_seq_3E_22,2
CTC_hyrdo_seq_3E_23,2
CTC_hyrdo_seq_3E_24,2
CTC_hyrdo_seq_3E_25,2
CTC_hyrdo_seq_3E_26,2
CTC_hyrdo_seq_3E_27,2
CTC_hyrdo_seq_3E_28,2
CTC_hyrdo_seq_3E_29,2
CTC_hyrdo_seq_3E_30,2
CTC_hyrdo_seq_3E_31,2
CTC_hyrdo_seq_3E_32,2
CTC_hyrdo_seq_3E_33,2
CTC_hyrdo_seq_3E_34,2
CTC_hyrdo_seq_3E_35,2
CTC_hyrdo_seq_3E_36,2
CTC_hyrdo_seq_3E_37,2
CTC_hyrdo_seq_3E_38,2
CTC_hyrdo_seq_3E_39,2
CTC_hyrdo_seq_3E_40,2
CTC_hyrdo_seq_3E_41,2
CTC_hyrdo_seq_3E_42,2
CTC_hyrdo_seq_3E_43,2
CTC_hyrdo_seq_3E_44,1
CTC_hyrdo_seq_3E_45,2
CTC_hyrdo_seq_3E_46,2
CTC_hyrdo_seq_3E_47,2
CTC_hyrdo_seq_3E_48,2
CTC_hyrdo_seq_3E_49,2
CTC_hyrdo_seq_3E_50,2
CTC_hyrdo_seq_3E_51,2
CTC_hyrdo_seq_3E_52,2
CTC_hyrdo_seq_3E_53,2
CTC_hyrdo_seq_3E_54,2
CTC_hyrdo_seq_3E_55,2
CTC_hyrdo_seq_3E_56,2
CTC_hyrdo_seq_3E_57,2
CTC_hyrdo_seq_3E_58,2
CTC_hyrdo_seq_3E_59,2
CTC_hyrdo_seq_3E_60,2
CTC_hyrdo_seq_3E_61,2
CTC_hyrdo_seq_3E_62,2
CTC_hyrdo_seq_3E_63,2
CTC_hyrdo_seq_3E_64,2
CTC_hyrdo_seq_3E_65,2
CTC_hyrdo_seq_3E_66,2
CTC_hyrdo_seq_3E_67,2
CTC_hyrdo_seq_3E_68,2
CTC_hyrdo_seq_3E_69,2
CTC_hyrdo_seq_3E_70,2
CTC_hyrdo_seq_3E_71,2
CTC_hyrdo_seq_3E_72,2
CTC_hyrdo_seq_3E_73,2
CTC_hyrdo_seq_3E_74,2
CTC_hyrdo_seq_3E_75,2
CTC_hyrdo_seq_3E_76,2
CTC_hyrdo_seq_3E_77,2
CTC_hyrdo_seq_3F_1,1
CTC_hyrdo_seq_3F_2,1
CTC_hyrdo_seq_3F_3,1
CTC_hyrdo_seq_3F_4,2
CTC_hyrdo_seq_3F_5,1
CTC_hyrdo_seq_3F_6,1
CTC_hyrdo_seq_3F_7,1
CTC_hyrdo_seq_3F_8,1
CTC_hyrdo_seq_3F_9,1
CTC_hyrdo_seq_3F_10,1
CTC_hyrdo_seq_3F_11,1
CTC_hyrdo_seq_3F_12,1
CTC_hyrdo_seq_3F_13,2
CTC_hyrdo_seq_3F_14,1
CTC_hyrdo_seq_3F_15,1
CTC_hyrdo_seq_3F_16,1
CTC_hyrdo_seq_3F_17,1
CTC_hyrdo_seq_3F_18,1
CTC_hyrdo_seq_3F_19,1
CTC_hyrdo_seq_3F_20,1
CTC_hyrdo_seq_3F_21,1
CTC_hyrdo_seq_3F_22,1
CTC_hyrdo_seq_3F_23,1
CTC_hyrdo_seq_3F_24,1
CTC_hyrdo_seq_3F_25,1
CTC_hyrdo_seq_3F_26,1
CTC_hyrdo_seq_3F_27,1
CTC_hyrdo_seq_3F_28,1
CTC_hyrdo_seq_3F_29,1
CTC_hyrdo_seq_3F_30,1
CTC_hyrdo_seq_3F_31,1
CTC_hyrdo_seq_3F_32,1
CTC_hyrdo_seq_3F_33,1
CTC_hyrdo_seq_3F_34,1
CTC_hyrdo_seq_3F_35,1
CTC_hyrdo_seq_3F_36,1
CTC_hyrdo_seq_3F_37,1
CTC_hyrdo_seq_3F_38,1
CTC_hyrdo_seq_3F_39,1
CTC_hyrdo_seq_3F_40,1
CTC_hyrdo_seq_3F_41,1
CTC_hyrdo_seq_3F_42,1
CTC_hyrdo_seq_3F_43,1
CTC_hyrdo_seq_3F_44,1
CTC_hyrdo_seq_3F_45,1
CTC_hyrdo_seq_3F_46,1
CTC_hyrdo_seq_3F_47,1
CTC_hyrdo_seq_3F_48,1
CTC_hyrdo_seq_3F_49,1
CTC_hyrdo_seq_3F_50,1
CTC_hyrdo_seq_3F_51,1
CTC_hyrdo_seq_3F_52,1
CTC_hyrdo_seq_3F_53,1
CTC_hyrdo_seq_3F_54,1
CTC_hyrdo_seq_3F_55,1
CTC_hyrdo_seq_3F_56,1
CTC_hyrdo_seq_3F_57,1
CTC_hyrdo_seq_3F_58,3
CTC_hyrdo_seq_3F_59,1
CTC_hyrdo_seq_3F_60,1
CTC_hyrdo_seq_3F_61,1
CTC_hyrdo_seq_3F_62,1
CTC_hyrdo_seq_3F_63,1
CTC_hyrdo_seq_3F_64,1
CTC_hyrdo_seq_3F_65,1
CTC_hyrdo_seq_3F_66,1
CTC_hyrdo_seq_3F_67,1
CTC_hyrdo_seq_3F_68,1
CTC_hyrdo_seq_3F_69,1
CTC_hyrdo_seq_3F_70,1
CTC_hyrdo_seq_3F_71,2
CTC_hyrdo_seq_3F_72,1
CTC_hyrdo_seq_3F_73,2
CTC_hyrdo_seq_3F_74,1
CTC_hyrdo_seq_3F_75,1
CTC_hyrdo_seq_3F_76,3
CTC_hyrdo_seq_3F_77,3
CTC_hyrdo_seq_3F_78,1
CTC_hyrdo_seq_3F_79,1
CTC_hyrdo_seq_3F_80,1
CTC_hyrdo_seq_3F_81,1
CTC_hyrdo_seq_3F_82,1
CTC_hyrdo_seq_3F_83,1
CTC_hyrdo_seq_3F_84,1
CTC_hyrdo_seq_3F_85,1
CTC_hyrdo_seq_3F_86,1
CTC_hyrdo_seq_3F_87,1
CTC_hyrdo_seq_3F_88,1
CTC_hyrdo_seq_3F_89,1
CTC_hyrdo_seq_3F_90,1
CTC_hyrdo_seq_3G_1,2
CTC_hyrdo_seq_3G_2,2
CTC_hyrdo_seq_3G_3,2
CTC_hyrdo_seq_3G_4,2
CTC_hyrdo_seq_3G_5,2
CTC_hyrdo_seq_3G_6,2
CTC_hyrdo_seq_3G_7,2
CTC_hyrdo_seq_3G_8,2
CTC_hyrdo_seq_3G_9,2
CTC_hyrdo_seq_3G_10,2
CTC_hyrdo_seq_3G_11,2
CTC_hyrdo_seq_3G_12,3
CTC_hyrdo_seq_3G_13,3
CTC_hyrdo_seq_3G_14,2
CTC_hyrdo_seq_3G_15,2
CTC_hyrdo_seq_3G_16,2
CTC_hyrdo_seq_3G_17,2
CTC_hyrdo_seq_3G_18,2
CTC_hyrdo_seq_3G_19,2
CTC_hyrdo_seq_3G_20,2
CTC_hyrdo_seq_3G_21,2
CTC_hyrdo_seq_3G_22,3
CTC_hyrdo_seq_3G_23,3
CTC_hyrdo_seq_3G_24,2
CTC_hyrdo_seq_3G_25,2
CTC_hyrdo_seq_3G_26,2
CTC_hyrdo_seq_3G_27,2
CTC_hyrdo_seq_3G_28,2
CTC_hyrdo_seq_3G_29,2
CTC_hyrdo_seq_3G_30,3
CTC_hyrdo_seq_3G_31,3
CTC_hyrdo_seq_3G_32,2
CTC_hyrdo_seq_3G_33,2
CTC_hyrdo_seq_3G_34,2
CTC_hyrdo_seq_3G_35,3
CTC_hyrdo_seq_3G_36,2
CTC_hyrdo_seq_3G_37,2
CTC_hyrdo_seq_3G_38,2
CTC_hyrdo_seq_3G_39,2
CTC_hyrdo_seq_4C_1,1
CTC_hyrdo_seq_4C_2,2
CTC_hyrdo_seq_4C_3,2
CTC_hyrdo_seq_4C_4,2
CTC_hyrdo_seq_4C_5,2
CTC_hyrdo_seq_4C_6,2
CTC_hyrdo_seq_4C_7,2
CTC_hyrdo_seq_4C_8,2
CTC_hyrdo_seq_4C_9,2
CTC_hyrdo_seq_4C_10,2
CTC_hyrdo_seq_4C_11,2
CTC_hyrdo_seq_4C_12,2
CTC_hyrdo_seq_4C_13,2
CTC_hyrdo_seq_4C_14,2
CTC_hyrdo_seq_4C_15,2
CTC_hyrdo_seq_4C_16,2
CTC_hyrdo_seq_4C_17,2
CTC_hyrdo_seq_4C_18,2
CTC_hyrdo_seq_4C_19,2
CTC_hyrdo_seq_4C_20,2
CTC_hyrdo_seq_4C_21,2
CTC_hyrdo_seq_4C_22,2
CTC_hyrdo_seq_4C_23,2
CTC_hyrdo_seq_4C_24,2
CTC_hyrdo_seq_4C_25,2
CTC_hyrdo_seq_4C_26,2
CTC_hyrdo_seq_4C_27,2
CTC_hyrdo_seq_4C_28,2
CTC_hyrdo_seq_4C_29,2
CTC_hyrdo_seq_4C_30,2
CTC_hyrdo_seq_4C_31,2
CTC_hyrdo_seq_4C_32,2
CTC_hyrdo_seq_4C_33,1
CTC_hyrdo_seq_4C_34,2
CTC_hyrdo_seq_4C_35,2
CTC_hyrdo_seq_4C_36,2
CTC_hyrdo_seq_4C_37,2
CTC_hyrdo_seq_4C_38,2
CTC_hyrdo_seq_4C_39,3
CTC_hyrdo_seq_4C_40,2
CTC_hyrdo_seq_4C_41,2
CTC_hyrdo_seq_4C_42,2
CTC_hyrdo_seq_4D_1,2
CTC_hyrdo_seq_4D_2,3
CTC_hyrdo_seq_4D_3,2
CTC_hyrdo_seq_4D_4,2
CTC_hyrdo_seq_4D_5,2
CTC_hyrdo_seq_4D_6,2
CTC_hyrdo_seq_4D_7,2
CTC_hyrdo_seq_4D_8,2
CTC_hyrdo_seq_4D_9,2
CTC_hyrdo_seq_4D_10,2
CTC_hyrdo_seq_4D_11,2
CTC_hyrdo_seq_4D_12,2
CTC_hyrdo_seq_4D_13,2
CTC_hyrdo_seq_4D_14,2
CTC_hyrdo_seq_4D_15,2
CTC_hyrdo_seq_4D_16,2
CTC_hyrdo_seq_4D_17,3
CTC_hyrdo_seq_4D_18,2
CTC_hyrdo_seq_4D_19,2
CTC_hyrdo_seq_4D_20,3
CTC_hyrdo_seq_4D_21,2
CTC_hyrdo_seq_4D_22,2
CTC_hyrdo_seq_4D_23,2
CTC_hyrdo_seq_4D_24,2
CTC_hyrdo_seq_4D_25,2
CTC_hyrdo_seq_4D_26,2
CTC_hyrdo_seq_4D_27,3
CTC_hyrdo_seq_4D_28,2
CTC_hyrdo_seq_4D_29,2
CTC_hyrdo_seq_4D_30,2
CTC_hyrdo_seq_4D_31,3
CTC_hyrdo_seq_4D_32,2
CTC_hyrdo_seq_4D_33,2
CTC_hyrdo_seq_4D_34,2
CTC_hyrdo_seq_4D_35,2
CTC_hyrdo_seq_4D_36,2
CTC_hyrdo_seq_4D_37,2
CTC_hyrdo_seq_4D_38,2
CTC_hyrdo_seq_4D_39,2
CTC_hyrdo_seq_4D_40,2
CTC_hyrdo_seq_4D_41,2
CTC_hyrdo_seq_4D_42,2
CTC_hyrdo_seq_4D_43,2
CTC_hyrdo_seq_4D_44,2
CTC_hyrdo_seq_4D_45,2
CTC_hyrdo_seq_4D_46,2
CTC_hyrdo_seq_4D_47,2
CTC_hyrdo_seq_4D_48,2
CTC_hyrdo_seq_4D_49,2
CTC_hyrdo_seq_4D_50,2
CTC_hyrdo_seq_4D_51,2
CTC_hyrdo_seq_4D_52,2
CTC_hyrdo_seq_4D_53,2
CTC_hyrdo_seq_4D_54,2
CTC_hyrdo_seq_4D_55,3
CTC_hyrdo_seq_4D_56,2
CTC_hyrdo_seq_4D_57,2
CTC_hyrdo_seq_4D_58,2
CTC_hyrdo_seq_4D_59,2
CTC_hyrdo_seq_4D_60,2
CTC_hyrdo_seq_4D_61,2
CTC_hyrdo_seq_4D_62,2
CTC_hyrdo_seq_4D_63,2
CTC_hyrdo_seq_4D_64,2
CTC_hyrdo_seq_4D_65,2
CTC_hyrdo_seq_4D_66,2
CTC_hyrdo_seq_4E_1,1
CTC_hyrdo_seq_4E_2,2
CTC_hyrdo_seq_4E_3,2
CTC_hyrdo_seq_4E_4,2
CTC_hyrdo_seq_4E_5,2
CTC_hyrdo_seq_4E_6,2
CTC_hyrdo_seq_4E_7,2
CTC_hyrdo_seq_4E_8,2
CTC_hyrdo_seq_4E_9,2
CTC_hyrdo_seq_4E_10,3
CTC_hyrdo_seq_4E_11,1
CTC_hyrdo_seq_4E_12,2
CTC_hyrdo_seq_4E_13,2
CTC_hyrdo_seq_4E_14,2
CTC_hyrdo_seq_4E_15,2
CTC_hyrdo_seq_4E_16,2
CTC_hyrdo_seq_4E_17,2
CTC_hyrdo_seq_4E_18,2
CTC_hyrdo_seq_4E_19,1
CTC_hyrdo_seq_4E_20,2
CTC_hyrdo_seq_4E_21,2
CTC_hyrdo_seq_4E_22,2
CTC_hyrdo_seq_4F_1,1
CTC_hyrdo_seq_4H_1,2
CTC_hyrdo_seq_4H_2,2
CTC_hyrdo_seq_4H_3,2
CTC_hyrdo_seq_4H_4,2
CTC_hyrdo_seq_4H_5,2
CTC_hyrdo_seq_4H_6,2
CTC_hyrdo_seq_4H_7,2
CTC_hyrdo_seq_4H_8,2
CTC_hyrdo_seq_4H_9,2
CTC_hyrdo_seq_4H_10,2
CTC_hyrdo_seq_4H_11,2
CTC_hyrdo_seq_4H_12,2
CTC_hyrdo_seq_4H_13,2
CTC_hyrdo_seq_4H_14,3
CTC_hyrdo_seq_4H_15,2
CTC_hyrdo_seq_4H_16,2
CTC_hyrdo_seq_4H_17,2
CTC_hyrdo_seq_4H_18,2
CTC_hyrdo_seq_4H_19,2
CTC_hyrdo_seq_4H_20,2
CTC_hyrdo_seq_4H_21,2
CTC_hyrdo_seq_4H_22,2
CTC_hyrdo_seq_4H_23,2
CTC_hyrdo_seq_4H_24,2
CTC_hyrdo_seq_4H_25,2
CTC_hyrdo_seq_4H_26,2
CTC_hyrdo_seq_4H_27,2
CTC_hyrdo_seq_4H_28,2
CTC_hyrdo_seq_4H_29,2
CTC_hyrdo_seq_4H_30,2
CTC_hyrdo_seq_4H_31,2
CTC_hyrdo_seq_4H_32,2
CTC_hyrdo_seq_4H_33,2
CTC_hyrdo_seq_4H_34,2
CTC_hyrdo_seq_4H_35,2
CTC_hyrdo_seq_4H_36,2
CTC_hyrdo_seq_4H_37,2
CTC_hyrdo_seq_4H_38,2
CTC_hyrdo_seq_4H_39,2
CTC_hyrdo_seq_4H_40,2
CTC_hyrdo_seq_4I_1,2
CTC_hyrdo_seq_4I_2,1
CTC_hyrdo_seq_4I_3,1
CTC_hyrdo_seq_4I_4,1
CTC_hyrdo_seq_4I_5,1
CTC_hyrdo_seq_4I_6,1
CTC_hyrdo_seq_4I_7,1
CTC_hyrdo_seq_4I_8,1
CTC_hyrdo_seq_4I_9,1
CTC_hyrdo_seq_4I_10,1
CTC_hyrdo_seq_4I_11,1
CTC_hyrdo_seq_4J_1,1
CTC_hyrdo_seq_4J_2,1
CTC_hyrdo_seq_4J_3,1
CTC_hyrdo_seq_4J_4,1
CTC_hyrdo_seq_4J_5,1
CTC_hyrdo_seq_4J_6,1
CTC_hyrdo_seq_4J_7,1
CTC_hyrdo_seq_4J_8,1
CTC_hyrdo_seq_4J_9,1
CTC_hyrdo_seq_4J_10,1
CTC_hyrdo_seq_4J_11,1
CTC_hyrdo_seq_4J_12,1
CTC_hyrdo_seq_4J_13,1
CTC_hyrdo_seq_4J_14,1
CTC_hyrdo_seq_4J_15,1
CTC_hyrdo_seq_4J_16,1
CTC_hyrdo_seq_4J_17,1
CTC_hyrdo_seq_4J_18,1
CTC_hyrdo_seq_4J_19,1
CTC_hyrdo_seq_4J_20,1
CTC_hyrdo_seq_4J_21,1
CTC_hyrdo_seq_4J_22,1
